BEGIN TRANSACTION;
CREATE TABLE "auth_group" ("id" integer NOT NULL PRIMARY KEY AUTOINCREMENT, "name" varchar(150) NOT NULL UNIQUE);
CREATE TABLE "auth_group_permissions" ("id" integer NOT NULL PRIMARY KEY AUTOINCREMENT, "group_id" integer NOT NULL REFERENCES "auth_group" ("id") DEFERRABLE INITIALLY DEFERRED, "permission_id" integer NOT NULL REFERENCES "auth_permission" ("id") DEFERRABLE INITIALLY DEFERRED);
CREATE TABLE "auth_permission" ("id" integer NOT NULL PRIMARY KEY AUTOINCREMENT, "content_type_id" integer NOT NULL REFERENCES "django_content_type" ("id") DEFERRABLE INITIALLY DEFERRED, "codename" varchar(100) NOT NULL, "name" varchar(255) NOT NULL);
INSERT INTO "auth_permission" VALUES(1,1,'add_logentry','Can add log entry');
INSERT INTO "auth_permission" VALUES(2,1,'change_logentry','Can change log entry');
INSERT INTO "auth_permission" VALUES(3,1,'delete_logentry','Can delete log entry');
INSERT INTO "auth_permission" VALUES(4,1,'view_logentry','Can view log entry');
INSERT INTO "auth_permission" VALUES(5,2,'add_permission','Can add permission');
INSERT INTO "auth_permission" VALUES(6,2,'change_permission','Can change permission');
INSERT INTO "auth_permission" VALUES(7,2,'delete_permission','Can delete permission');
INSERT INTO "auth_permission" VALUES(8,2,'view_permission','Can view permission');
INSERT INTO "auth_permission" VALUES(9,3,'add_group','Can add group');
INSERT INTO "auth_permission" VALUES(10,3,'change_group','Can change group');
INSERT INTO "auth_permission" VALUES(11,3,'delete_group','Can delete group');
INSERT INTO "auth_permission" VALUES(12,3,'view_group','Can view group');
INSERT INTO "auth_permission" VALUES(13,4,'add_user','Can add user');
INSERT INTO "auth_permission" VALUES(14,4,'change_user','Can change user');
INSERT INTO "auth_permission" VALUES(15,4,'delete_user','Can delete user');
INSERT INTO "auth_permission" VALUES(16,4,'view_user','Can view user');
INSERT INTO "auth_permission" VALUES(17,5,'add_contenttype','Can add content type');
INSERT INTO "auth_permission" VALUES(18,5,'change_contenttype','Can change content type');
INSERT INTO "auth_permission" VALUES(19,5,'delete_contenttype','Can delete content type');
INSERT INTO "auth_permission" VALUES(20,5,'view_contenttype','Can view content type');
INSERT INTO "auth_permission" VALUES(21,6,'add_session','Can add session');
INSERT INTO "auth_permission" VALUES(22,6,'change_session','Can change session');
INSERT INTO "auth_permission" VALUES(23,6,'delete_session','Can delete session');
INSERT INTO "auth_permission" VALUES(24,6,'view_session','Can view session');
INSERT INTO "auth_permission" VALUES(25,7,'add_ativacao','Can add ativacao');
INSERT INTO "auth_permission" VALUES(26,7,'change_ativacao','Can change ativacao');
INSERT INTO "auth_permission" VALUES(27,7,'delete_ativacao','Can delete ativacao');
INSERT INTO "auth_permission" VALUES(28,7,'view_ativacao','Can view ativacao');
INSERT INTO "auth_permission" VALUES(29,8,'add_resetsenha','Can add reset senha');
INSERT INTO "auth_permission" VALUES(30,8,'change_resetsenha','Can change reset senha');
INSERT INTO "auth_permission" VALUES(31,8,'delete_resetsenha','Can delete reset senha');
INSERT INTO "auth_permission" VALUES(32,8,'view_resetsenha','Can view reset senha');
INSERT INTO "auth_permission" VALUES(33,9,'add_pet','Can add pet');
INSERT INTO "auth_permission" VALUES(34,9,'change_pet','Can change pet');
INSERT INTO "auth_permission" VALUES(35,9,'delete_pet','Can delete pet');
INSERT INTO "auth_permission" VALUES(36,9,'view_pet','Can view pet');
INSERT INTO "auth_permission" VALUES(37,10,'add_petimage','Can add pet image');
INSERT INTO "auth_permission" VALUES(38,10,'change_petimage','Can change pet image');
INSERT INTO "auth_permission" VALUES(39,10,'delete_petimage','Can delete pet image');
INSERT INTO "auth_permission" VALUES(40,10,'view_petimage','Can view pet image');
INSERT INTO "auth_permission" VALUES(41,11,'add_userprofile','Can add user profile');
INSERT INTO "auth_permission" VALUES(42,11,'change_userprofile','Can change user profile');
INSERT INTO "auth_permission" VALUES(43,11,'delete_userprofile','Can delete user profile');
INSERT INTO "auth_permission" VALUES(44,11,'view_userprofile','Can view user profile');
INSERT INTO "auth_permission" VALUES(45,12,'add_depoimento','Can add depoimento');
INSERT INTO "auth_permission" VALUES(46,12,'change_depoimento','Can change depoimento');
INSERT INTO "auth_permission" VALUES(47,12,'delete_depoimento','Can delete depoimento');
INSERT INTO "auth_permission" VALUES(48,12,'view_depoimento','Can view depoimento');
CREATE TABLE "auth_user" ("id" integer NOT NULL PRIMARY KEY AUTOINCREMENT, "password" varchar(128) NOT NULL, "last_login" datetime NULL, "is_superuser" bool NOT NULL, "username" varchar(150) NOT NULL UNIQUE, "last_name" varchar(150) NOT NULL, "email" varchar(254) NOT NULL, "is_staff" bool NOT NULL, "is_active" bool NOT NULL, "date_joined" datetime NOT NULL, "first_name" varchar(150) NOT NULL);
CREATE TABLE "auth_user_groups" ("id" integer NOT NULL PRIMARY KEY AUTOINCREMENT, "user_id" integer NOT NULL REFERENCES "auth_user" ("id") DEFERRABLE INITIALLY DEFERRED, "group_id" integer NOT NULL REFERENCES "auth_group" ("id") DEFERRABLE INITIALLY DEFERRED);
CREATE TABLE "auth_user_user_permissions" ("id" integer NOT NULL PRIMARY KEY AUTOINCREMENT, "user_id" integer NOT NULL REFERENCES "auth_user" ("id") DEFERRABLE INITIALLY DEFERRED, "permission_id" integer NOT NULL REFERENCES "auth_permission" ("id") DEFERRABLE INITIALLY DEFERRED);
CREATE TABLE "divulgar_pet" ("id" integer NOT NULL PRIMARY KEY AUTOINCREMENT, "status" varchar(1) NOT NULL, "especie" varchar(10) NOT NULL, "sexo" varchar(10) NOT NULL, "tamanho" varchar(10) NOT NULL, "cuidados" text NOT NULL CHECK ((JSON_VALID("cuidados") OR "cuidados" IS NULL)), "vive_bem_em" text NOT NULL CHECK ((JSON_VALID("vive_bem_em") OR "vive_bem_em" IS NULL)), "temperamento" text NOT NULL CHECK ((JSON_VALID("temperamento") OR "temperamento" IS NULL)), "sociavel_com" text NOT NULL CHECK ((JSON_VALID("sociavel_com") OR "sociavel_com" IS NULL)), "historia_pet" text NOT NULL, "nome_pet" varchar(10) NOT NULL, "usuario_id" integer NOT NULL REFERENCES "auth_user" ("id") DEFERRABLE INITIALLY DEFERRED, "telefone" varchar(20) NULL, "is_active" bool NOT NULL, "created_at" datetime NOT NULL, "foto_principal" varchar(100) NULL);
CREATE TABLE "divulgar_pet_fotos_secundarias" ("id" integer NOT NULL PRIMARY KEY AUTOINCREMENT, "pet_id" bigint NOT NULL REFERENCES "divulgar_pet" ("id") DEFERRABLE INITIALLY DEFERRED, "petimage_id" bigint NOT NULL REFERENCES "divulgar_petimage" ("id") DEFERRABLE INITIALLY DEFERRED);
CREATE TABLE "divulgar_petimage" ("id" integer NOT NULL PRIMARY KEY AUTOINCREMENT, "pet_id" bigint NOT NULL REFERENCES "divulgar_pet" ("id") DEFERRABLE INITIALLY DEFERRED, "image" varchar(100) NOT NULL);
CREATE TABLE "django_admin_log" ("id" integer NOT NULL PRIMARY KEY AUTOINCREMENT, "object_id" text NULL, "object_repr" varchar(200) NOT NULL, "action_flag" smallint unsigned NOT NULL CHECK ("action_flag" >= 0), "change_message" text NOT NULL, "content_type_id" integer NULL REFERENCES "django_content_type" ("id") DEFERRABLE INITIALLY DEFERRED, "user_id" integer NOT NULL REFERENCES "auth_user" ("id") DEFERRABLE INITIALLY DEFERRED, "action_time" datetime NOT NULL);
CREATE TABLE "django_content_type" ("id" integer NOT NULL PRIMARY KEY AUTOINCREMENT, "app_label" varchar(100) NOT NULL, "model" varchar(100) NOT NULL);
INSERT INTO "django_content_type" VALUES(1,'admin','logentry');
INSERT INTO "django_content_type" VALUES(2,'auth','permission');
INSERT INTO "django_content_type" VALUES(3,'auth','group');
INSERT INTO "django_content_type" VALUES(4,'auth','user');
INSERT INTO "django_content_type" VALUES(5,'contenttypes','contenttype');
INSERT INTO "django_content_type" VALUES(6,'sessions','session');
INSERT INTO "django_content_type" VALUES(7,'usuarios','ativacao');
INSERT INTO "django_content_type" VALUES(8,'usuarios','resetsenha');
INSERT INTO "django_content_type" VALUES(9,'divulgar','pet');
INSERT INTO "django_content_type" VALUES(10,'divulgar','petimage');
INSERT INTO "django_content_type" VALUES(11,'perfil','userprofile');
INSERT INTO "django_content_type" VALUES(12,'pagina_inicio','depoimento');
CREATE TABLE "django_migrations" ("id" integer NOT NULL PRIMARY KEY AUTOINCREMENT, "app" varchar(255) NOT NULL, "name" varchar(255) NOT NULL, "applied" datetime NOT NULL);
INSERT INTO "django_migrations" VALUES(1,'contenttypes','0001_initial','2025-10-22 19:38:19.171047');
INSERT INTO "django_migrations" VALUES(2,'auth','0001_initial','2025-10-22 19:38:19.212630');
INSERT INTO "django_migrations" VALUES(3,'admin','0001_initial','2025-10-22 19:38:19.243400');
INSERT INTO "django_migrations" VALUES(4,'admin','0002_logentry_remove_auto_add','2025-10-22 19:38:19.270058');
INSERT INTO "django_migrations" VALUES(5,'admin','0003_logentry_add_action_flag_choices','2025-10-22 19:38:19.287211');
INSERT INTO "django_migrations" VALUES(6,'divulgar','0001_initial','2025-10-22 19:38:19.331480');
INSERT INTO "django_migrations" VALUES(7,'adotar','0001_initial','2025-10-22 19:38:19.382508');
INSERT INTO "django_migrations" VALUES(8,'adotar','0002_delete_pedidoadocao','2025-10-22 19:38:19.403538');
INSERT INTO "django_migrations" VALUES(9,'contenttypes','0002_remove_content_type_name','2025-10-22 19:38:19.433330');
INSERT INTO "django_migrations" VALUES(10,'auth','0002_alter_permission_name_max_length','2025-10-22 19:38:19.461599');
INSERT INTO "django_migrations" VALUES(11,'auth','0003_alter_user_email_max_length','2025-10-22 19:38:19.484846');
INSERT INTO "django_migrations" VALUES(12,'auth','0004_alter_user_username_opts','2025-10-22 19:38:19.505959');
INSERT INTO "django_migrations" VALUES(13,'auth','0005_alter_user_last_login_null','2025-10-22 19:38:19.532851');
INSERT INTO "django_migrations" VALUES(14,'auth','0006_require_contenttypes_0002','2025-10-22 19:38:19.544650');
INSERT INTO "django_migrations" VALUES(15,'auth','0007_alter_validators_add_error_messages','2025-10-22 19:38:19.569029');
INSERT INTO "django_migrations" VALUES(16,'auth','0008_alter_user_username_max_length','2025-10-22 19:38:19.593903');
INSERT INTO "django_migrations" VALUES(17,'auth','0009_alter_user_last_name_max_length','2025-10-22 19:38:19.616268');
INSERT INTO "django_migrations" VALUES(18,'auth','0010_alter_group_name_max_length','2025-10-22 19:38:19.643471');
INSERT INTO "django_migrations" VALUES(19,'auth','0011_update_proxy_permissions','2025-10-22 19:38:19.663490');
INSERT INTO "django_migrations" VALUES(20,'auth','0012_alter_user_first_name_max_length','2025-10-22 19:38:19.695708');
INSERT INTO "django_migrations" VALUES(21,'divulgar','0002_pet_dono_pet_historia_pet','2025-10-22 19:38:19.729620');
INSERT INTO "django_migrations" VALUES(22,'divulgar','0003_alter_pet_nome','2025-10-22 19:38:19.756825');
INSERT INTO "django_migrations" VALUES(23,'divulgar','0004_rename_nome_pet_nome_pet_remove_pet_cidade_and_more','2025-10-22 19:38:19.823860');
INSERT INTO "django_migrations" VALUES(24,'divulgar','0005_pet_usuario','2025-10-22 19:38:19.846920');
INSERT INTO "django_migrations" VALUES(25,'divulgar','0006_remove_pet_usuario','2025-10-22 19:38:19.869139');
INSERT INTO "django_migrations" VALUES(26,'divulgar','0007_pet_usuario','2025-10-22 19:38:19.895730');
INSERT INTO "django_migrations" VALUES(27,'divulgar','0008_alter_pet_usuario','2025-10-22 19:38:19.920658');
INSERT INTO "django_migrations" VALUES(28,'divulgar','0009_alter_pet_usuario','2025-10-22 19:38:19.950897');
INSERT INTO "django_migrations" VALUES(29,'divulgar','0010_userprofile','2025-10-22 19:38:19.976731');
INSERT INTO "django_migrations" VALUES(30,'divulgar','0011_remove_pet_usuario','2025-10-22 19:38:20.004241');
INSERT INTO "django_migrations" VALUES(31,'divulgar','0012_pet_usuario','2025-10-22 19:38:20.032707');
INSERT INTO "django_migrations" VALUES(32,'divulgar','0013_remove_userprofile_nome_alter_userprofile_cidade_and_more','2025-10-22 19:38:20.115093');
INSERT INTO "django_migrations" VALUES(33,'divulgar','0014_userprofile_nome_alter_userprofile_estado','2025-10-22 19:38:20.148815');
INSERT INTO "django_migrations" VALUES(34,'divulgar','0015_alter_userprofile_nome','2025-10-22 19:38:20.173418');
INSERT INTO "django_migrations" VALUES(35,'divulgar','0016_remove_pet_descricao','2025-10-22 19:38:20.194163');
INSERT INTO "django_migrations" VALUES(36,'divulgar','0017_delete_userprofile','2025-10-22 19:38:20.209897');
INSERT INTO "django_migrations" VALUES(37,'divulgar','0018_pet_cidade_pet_estado','2025-10-22 19:38:20.240832');
INSERT INTO "django_migrations" VALUES(38,'divulgar','0019_pet_telefone','2025-10-22 19:38:20.265416');
INSERT INTO "django_migrations" VALUES(39,'divulgar','0020_remove_pet_cidade_remove_pet_estado','2025-10-22 19:38:20.298477');
INSERT INTO "django_migrations" VALUES(40,'divulgar','0021_pet_is_active','2025-10-22 19:38:20.325686');
INSERT INTO "django_migrations" VALUES(41,'divulgar','0022_alter_pet_status','2025-10-22 19:38:20.345081');
INSERT INTO "django_migrations" VALUES(42,'divulgar','0023_alter_pet_status','2025-10-22 19:38:20.369799');
INSERT INTO "django_migrations" VALUES(43,'divulgar','0024_pet_created_at','2025-10-22 19:38:20.394281');
INSERT INTO "django_migrations" VALUES(44,'divulgar','0025_alter_pet_foto_principal','2025-10-22 19:38:20.420287');
INSERT INTO "django_migrations" VALUES(45,'divulgar','0026_alter_petimage_image','2025-10-22 19:38:20.446943');
INSERT INTO "django_migrations" VALUES(46,'divulgar','0027_alter_pet_foto_principal_alter_petimage_image','2025-10-22 19:38:20.483618');
INSERT INTO "django_migrations" VALUES(47,'divulgar','0028_alter_pet_foto_principal_alter_petimage_image','2025-10-22 19:38:20.521308');
INSERT INTO "django_migrations" VALUES(48,'pagina_inicio','0001_initial','2025-10-22 19:38:20.556305');
INSERT INTO "django_migrations" VALUES(49,'pagina_inicio','0002_alter_depoimento_email_alter_depoimento_usuario','2025-10-22 19:38:20.603969');
INSERT INTO "django_migrations" VALUES(50,'pagina_inicio','0003_depoimento_sobrenome','2025-10-22 19:38:20.631423');
INSERT INTO "django_migrations" VALUES(51,'perfil','0001_initial','2025-10-22 19:38:20.657807');
INSERT INTO "django_migrations" VALUES(52,'perfil','0002_userprofile_email','2025-10-22 19:38:20.683516');
INSERT INTO "django_migrations" VALUES(53,'perfil','0003_remove_userprofile_email','2025-10-22 19:38:20.714639');
INSERT INTO "django_migrations" VALUES(54,'perfil','0004_userprofile_email','2025-10-22 19:38:20.743419');
INSERT INTO "django_migrations" VALUES(55,'perfil','0005_alter_userprofile_email','2025-10-22 19:38:20.779165');
INSERT INTO "django_migrations" VALUES(56,'perfil','0006_userprofile_foto_perfil','2025-10-22 19:38:20.800257');
INSERT INTO "django_migrations" VALUES(57,'perfil','0007_remove_userprofile_cidade_remove_userprofile_estado_and_more','2025-10-22 19:38:20.887105');
INSERT INTO "django_migrations" VALUES(58,'perfil','0008_alter_userprofile_cidade_nome_and_more','2025-10-22 19:38:20.943204');
INSERT INTO "django_migrations" VALUES(59,'perfil','0009_userprofile_confirmation_token_and_more','2025-10-22 19:38:20.978275');
INSERT INTO "django_migrations" VALUES(60,'perfil','0010_remove_userprofile_confirmation_token_and_more','2025-10-22 19:38:21.018329');
INSERT INTO "django_migrations" VALUES(61,'perfil','0011_userprofile_sobrenome','2025-10-22 19:38:21.051501');
INSERT INTO "django_migrations" VALUES(62,'perfil','0012_alter_userprofile_email','2025-10-22 19:38:21.074925');
INSERT INTO "django_migrations" VALUES(63,'perfil','0013_alter_userprofile_email','2025-10-22 19:38:21.101683');
INSERT INTO "django_migrations" VALUES(64,'perfil','0014_remove_userprofile_foto_perfil_and_more','2025-10-22 19:38:21.132367');
INSERT INTO "django_migrations" VALUES(65,'perfil','0015_userprofile_foto_perfil_alter_userprofile_sobrenome','2025-10-22 19:38:21.166466');
INSERT INTO "django_migrations" VALUES(66,'perfil','0016_alter_userprofile_sobrenome','2025-10-22 19:38:21.189008');
INSERT INTO "django_migrations" VALUES(67,'perfil','0017_alter_userprofile_email','2025-10-22 19:38:21.217481');
INSERT INTO "django_migrations" VALUES(68,'perfil','0018_alter_userprofile_foto_perfil','2025-10-22 19:38:21.247238');
INSERT INTO "django_migrations" VALUES(69,'sessions','0001_initial','2025-10-22 19:38:21.277791');
INSERT INTO "django_migrations" VALUES(70,'usuarios','0001_initial','2025-10-22 19:38:21.310952');
INSERT INTO "django_migrations" VALUES(71,'usuarios','0002_delete_usuario','2025-10-22 19:38:21.327557');
INSERT INTO "django_migrations" VALUES(72,'usuarios','0003_initial','2025-10-22 19:38:21.367131');
INSERT INTO "django_migrations" VALUES(73,'usuarios','0004_alter_ativacao_user','2025-10-22 19:38:21.393991');
INSERT INTO "django_migrations" VALUES(74,'usuarios','0005_resetsenha','2025-10-22 19:38:21.420516');
CREATE TABLE "django_session" ("session_key" varchar(40) NOT NULL PRIMARY KEY, "session_data" text NOT NULL, "expire_date" datetime NOT NULL);
CREATE TABLE "pagina_inicio_depoimento" ("id" integer NOT NULL PRIMARY KEY AUTOINCREMENT, "nome" varchar(100) NOT NULL, "email" varchar(254) NOT NULL UNIQUE, "mensagem" text NOT NULL, "data_criacao" datetime NOT NULL, "usuario_id" integer NOT NULL REFERENCES "auth_user" ("id") DEFERRABLE INITIALLY DEFERRED, "sobrenome" varchar(100) NOT NULL);
CREATE TABLE "perfil_userprofile" ("id" integer NOT NULL PRIMARY KEY AUTOINCREMENT, "telefone" varchar(15) NOT NULL, "nome" varchar(100) NOT NULL, "user_id" integer NOT NULL UNIQUE REFERENCES "auth_user" ("id") DEFERRABLE INITIALLY DEFERRED, "email" varchar(100) NOT NULL, "cidade_nome" varchar(100) NOT NULL, "estado_id" integer NULL, "estado_nome" varchar(100) NOT NULL, "sobrenome" varchar(100) NOT NULL, "foto_perfil" varchar(100) NULL);
CREATE TABLE "usuarios_ativacao" ("id" integer NOT NULL PRIMARY KEY AUTOINCREMENT, "confirmation_token" varchar(32) NOT NULL, "confirmation_token_expiration" datetime NULL, "user_id" integer NOT NULL REFERENCES "auth_user" ("id") DEFERRABLE INITIALLY DEFERRED);
CREATE TABLE "usuarios_resetsenha" ("id" integer NOT NULL PRIMARY KEY AUTOINCREMENT, "reset_token" varchar(255) NOT NULL, "created_at" datetime NOT NULL, "user_id" integer NOT NULL UNIQUE REFERENCES "auth_user" ("id") DEFERRABLE INITIALLY DEFERRED);
CREATE UNIQUE INDEX "auth_group_permissions_group_id_permission_id_0cd325b0_uniq" ON "auth_group_permissions" ("group_id", "permission_id");
CREATE INDEX "auth_group_permissions_group_id_b120cbf9" ON "auth_group_permissions" ("group_id");
CREATE INDEX "auth_group_permissions_permission_id_84c5c92e" ON "auth_group_permissions" ("permission_id");
CREATE UNIQUE INDEX "auth_user_groups_user_id_group_id_94350c0c_uniq" ON "auth_user_groups" ("user_id", "group_id");
CREATE INDEX "auth_user_groups_user_id_6a12ed8b" ON "auth_user_groups" ("user_id");
CREATE INDEX "auth_user_groups_group_id_97559544" ON "auth_user_groups" ("group_id");
CREATE UNIQUE INDEX "auth_user_user_permissions_user_id_permission_id_14a6b632_uniq" ON "auth_user_user_permissions" ("user_id", "permission_id");
CREATE INDEX "auth_user_user_permissions_user_id_a95ead1b" ON "auth_user_user_permissions" ("user_id");
CREATE INDEX "auth_user_user_permissions_permission_id_1fbb5f2c" ON "auth_user_user_permissions" ("permission_id");
CREATE INDEX "django_admin_log_content_type_id_c4bce8eb" ON "django_admin_log" ("content_type_id");
CREATE INDEX "django_admin_log_user_id_c564eba6" ON "django_admin_log" ("user_id");
CREATE UNIQUE INDEX "divulgar_pet_fotos_secundarias_pet_id_petimage_id_6116e34f_uniq" ON "divulgar_pet_fotos_secundarias" ("pet_id", "petimage_id");
CREATE INDEX "divulgar_pet_fotos_secundarias_pet_id_143f2d9e" ON "divulgar_pet_fotos_secundarias" ("pet_id");
CREATE INDEX "divulgar_pet_fotos_secundarias_petimage_id_a64f2302" ON "divulgar_pet_fotos_secundarias" ("petimage_id");
CREATE UNIQUE INDEX "django_content_type_app_label_model_76bd3d3b_uniq" ON "django_content_type" ("app_label", "model");
CREATE UNIQUE INDEX "auth_permission_content_type_id_codename_01ab375a_uniq" ON "auth_permission" ("content_type_id", "codename");
CREATE INDEX "auth_permission_content_type_id_2f476e4b" ON "auth_permission" ("content_type_id");
CREATE INDEX "divulgar_pet_usuario_id_0d89715b" ON "divulgar_pet" ("usuario_id");
CREATE INDEX "divulgar_petimage_pet_id_89273e95" ON "divulgar_petimage" ("pet_id");
CREATE INDEX "pagina_inicio_depoimento_usuario_id_34dc607e" ON "pagina_inicio_depoimento" ("usuario_id");
CREATE INDEX "django_session_expire_date_a5c62663" ON "django_session" ("expire_date");
CREATE INDEX "usuarios_ativacao_user_id_2ca22aa4" ON "usuarios_ativacao" ("user_id");
DELETE FROM "sqlite_sequence";
INSERT INTO "sqlite_sequence" VALUES('django_migrations',74);
INSERT INTO "sqlite_sequence" VALUES('django_admin_log',0);
INSERT INTO "sqlite_sequence" VALUES('django_content_type',12);
INSERT INTO "sqlite_sequence" VALUES('auth_permission',48);
INSERT INTO "sqlite_sequence" VALUES('auth_group',0);
INSERT INTO "sqlite_sequence" VALUES('auth_user',0);
INSERT INTO "sqlite_sequence" VALUES('divulgar_pet',0);
INSERT INTO "sqlite_sequence" VALUES('divulgar_petimage',0);
INSERT INTO "sqlite_sequence" VALUES('pagina_inicio_depoimento',0);
INSERT INTO "sqlite_sequence" VALUES('perfil_userprofile',0);
COMMIT;
